source,address,city,state,zip,beds,baths,sqft,lot_size,year_built,rent,deposit,pets_allowed,property_type,mls_number,listing_url,description,listed_date,scraped_at,photos,lat,lng
redfin,201B 87th St,Virginia Beach,VA,23451,2.0,1.5,1050,,,3300,,,single family,,https://www.redfin.com/VA/Virginia-Beach/201B-87th-St-23451/home/194409660,"Original Beach Cottage for rent. One block from the beach. Located in the quiet North End section of Virginia Beach. A rare find!
Included in rent: All utilities and lawn service",2025-01-24T00:26:57.165765Z,2026-06-08T13:01:43+00:00,https://maps.google.com/maps/api/staticmap?sensor=false&style=feature%3Aadministrative.land_parcel%7Cvisibility%3Aoff&style=feature%3Alandscape.man_made%7Cvisibility%3Aoff&style=feature%3Atransit.station%7Chue%3A0xffa200&center=36.9121634%2C-75.9951226&channel=seekers-search_map&size=200x200&format=jpg&scale=1&zoom=11&key=AIzaSyA_29QNQgZnWV-qXu1LyNzrLuiHCDGCJGU&signature=e75T7kUDfldEkY668JukrO-YBtc=,36.9121634,-75.9951226
redfin,333 N Birdneck Rd,Virginia Beach,VA,23451,2.0,1.0,1036,,,2850,,,single family,,https://www.redfin.com/VA/Virginia-Beach/333-N-Birdneck-Rd-23451/home/49513766,"Beach Life is calling! Updated, beautifully fully furnished 2 BR, 1 bath, cottage style home near the Va. Bch. Conv. Ctr. Less than 2 miles to the oceanfront & Vibe Creative District. Open concept LR...",2026-06-06T12:40:03.748473Z,2026-06-08T13:01:43+00:00,https://maps.google.com/maps/api/staticmap?sensor=false&style=feature%3Aadministrative.land_parcel%7Cvisibility%3Aoff&style=feature%3Alandscape.man_made%7Cvisibility%3Aoff&style=feature%3Atransit.station%7Chue%3A0xffa200&center=36.8435224%2C-75.9962782&channel=seekers-search_map&size=200x200&format=jpg&scale=1&zoom=11&key=AIzaSyA_29QNQgZnWV-qXu1LyNzrLuiHCDGCJGU&signature=AcP84KsDjBEoryhePD8xvbG8ENM=,36.8435224,-75.9962782
redfin,904 Rudee Ave,Virginia Beach,VA,23451,3.0,2.5,1250,,,2990,,,single family,,https://www.redfin.com/VA/Virginia-Beach/904-Rudee-Ave-23451/home/49515201,All brick 3 bedroom remodeled ranch just blocks from the oceanfront and restaurants. Huge back yard with privacy fence. Nice sized storage shed in back yard for bikes etc. Brand new LVP flooring....,2026-05-14T12:44:44.559694Z,2026-06-08T13:01:43+00:00,https://maps.google.com/maps/api/staticmap?sensor=false&style=feature%3Aadministrative.land_parcel%7Cvisibility%3Aoff&style=feature%3Alandscape.man_made%7Cvisibility%3Aoff&style=feature%3Atransit.station%7Chue%3A0xffa200&center=36.8363484%2C-75.9851221&channel=seekers-search_map&size=200x200&format=jpg&scale=1&zoom=11&key=AIzaSyA_29QNQgZnWV-qXu1LyNzrLuiHCDGCJGU&signature=Wtg0MT6-wnhR6q2peQqJ6dQZi08=,36.8363484,-75.9851221
redfin,908 Terrace Ave,Virginia Beach,VA,23451,3.0,2.5,1656,,,2750,,,single family,,https://www.redfin.com/VA/Virginia-Beach/908-Terrace-Ave-23451/home/49515750,"This beautiful 3 bed 2.5 bath property is located in one of Virginia Beaches premier waterfront communities.  Located approximately one mile from the Virginia Beach waterfront/Rudee Inlet, this home...",2026-06-05T02:35:26.228003Z,2026-06-08T13:01:43+00:00,https://maps.google.com/maps/api/staticmap?sensor=false&style=feature%3Aadministrative.land_parcel%7Cvisibility%3Aoff&style=feature%3Alandscape.man_made%7Cvisibility%3Aoff&style=feature%3Atransit.station%7Chue%3A0xffa200&center=36.8311584%2C-75.9843114&channel=seekers-search_map&size=200x200&format=jpg&scale=1&zoom=11&key=AIzaSyA_29QNQgZnWV-qXu1LyNzrLuiHCDGCJGU&signature=cqUiCMFweVRquoKS03DOPK0qVzg=,36.8311584,-75.9843114
redfin,531 Terrace Ave,Virginia Beach,VA,23451,3.0,1.0,1026,,,2500,,,single family,,https://www.redfin.com/VA/Virginia-Beach/531-Terrace-Ave-23451/home/49523848,"Wonderful coastal cottage located in the heart of the marina district. Nestle in the Shadowlawn neighborhood and convenientlyclose to shops, restaurants, beach, interstate, and the new surf park and...",2026-05-02T13:09:33.154604Z,2026-06-08T13:01:43+00:00,https://maps.google.com/maps/api/staticmap?sensor=false&style=feature%3Aadministrative.land_parcel%7Cvisibility%3Aoff&style=feature%3Alandscape.man_made%7Cvisibility%3Aoff&style=feature%3Atransit.station%7Chue%3A0xffa200&center=36.8329823%2C-75.977884&channel=seekers-search_map&size=200x200&format=jpg&scale=1&zoom=11&key=AIzaSyA_29QNQgZnWV-qXu1LyNzrLuiHCDGCJGU&signature=JiSvq_oTRdhvwgLZwFasUF9zqwE=,36.8329823,-75.977884
redfin,2416 Arctic Ave,Virginia Beach,VA,23451,3.0,2.0,,,,3250,,,single family,,https://www.redfin.com/VA/Virginia-Beach/2416-Arctic-Ave-23451/home/49524324,"FULLY FURNISHED MONTHLY BEACH RENTAL ! AVAILABLE OCTOBER-MAY Welcome to Fun in The Sun -- a beautifully updated single-family beach home in the heart of the Virginia Beach Oceanfront, just two blocks...",2026-06-05T11:30:00.834309Z,2026-06-08T13:01:43+00:00,https://maps.google.com/maps/api/staticmap?sensor=false&style=feature%3Aadministrative.land_parcel%7Cvisibility%3Aoff&style=feature%3Alandscape.man_made%7Cvisibility%3Aoff&style=feature%3Atransit.station%7Chue%3A0xffa200&center=36.8524806%2C-75.9797107&channel=seekers-search_map&size=200x200&format=jpg&scale=1&zoom=11&key=AIzaSyA_29QNQgZnWV-qXu1LyNzrLuiHCDGCJGU&signature=xCQbC4PgnLBV7qXZlfjUtUjSFk8=,36.8524806,-75.9797107
redfin,488 S Birdneck Rd,Virginia Beach,VA,23451,3.0,2.0,1664,,,3000,,,single family,,https://www.redfin.com/VA/Virginia-Beach/488-S-Birdneck-Rd-23451/home/49532135,"GREAT 3 BEDROOM BIRDNECK RANCH! DRIVEWAY WITH EXTRA PARKING, FENCED IN BACKYARD. CONVENIENT TO BASES, BEACH, INTERSTATE AND RESTAURANTS.",2026-06-05T12:44:29.944572Z,2026-06-08T13:01:43+00:00,https://maps.google.com/maps/api/staticmap?sensor=false&style=feature%3Aadministrative.land_parcel%7Cvisibility%3Aoff&style=feature%3Alandscape.man_made%7Cvisibility%3Aoff&style=feature%3Atransit.station%7Chue%3A0xffa200&center=36.8253972%2C-75.997738&channel=seekers-search_map&size=200x200&format=jpg&scale=1&zoom=11&key=AIzaSyA_29QNQgZnWV-qXu1LyNzrLuiHCDGCJGU&signature=080n7q9nZXorFQpdKgq1K2GnC9Q=,36.8253972,-75.997738
redfin,423 Harbour Pt,Virginia Beach,VA,23451,2.0,2.0,1300,,,2600,,,single family,,https://www.redfin.com/VA/Virginia-Beach/423-Harbour-Pt-23451/home/201541814,"First floor condo in Harbour Point Condo on Rudee Inlet, just a short walk to the beach and easy access attractions. This 2 bed, 2 bath condo has an updated kitchen, new appliances, new flooring,...",2026-06-05T11:54:41.769100Z,2026-06-08T13:01:43+00:00,https://maps.google.com/maps/api/staticmap?sensor=false&style=feature%3Aadministrative.land_parcel%7Cvisibility%3Aoff&style=feature%3Alandscape.man_made%7Cvisibility%3Aoff&style=feature%3Atransit.station%7Chue%3A0xffa200&center=36.8295228%2C-75.9749888&channel=seekers-search_map&size=200x200&format=jpg&scale=1&zoom=11&key=AIzaSyA_29QNQgZnWV-qXu1LyNzrLuiHCDGCJGU&signature=pzJR0uAL1ZvUJ6vpWA4ITLatkPs=,36.8295228,-75.9749888
redfin,1169 Birdneck Lake Dr,Virginia Beach,VA,23451,3.0,2.5,2058,,,3300,,,single family,,https://www.redfin.com/VA/Virginia-Beach/1169-Birdneck-Lake-Dr-23451/home/49512554,"Bring your sunglasses to fully appreciate this light-filled home in sought-after Birdneck Lake. Designed with a contemporary flair and highly functional layout, this tastefully updated home shines...",2026-06-07T12:35:20.333126Z,2026-06-08T13:01:43+00:00,https://maps.google.com/maps/api/staticmap?sensor=false&style=feature%3Aadministrative.land_parcel%7Cvisibility%3Aoff&style=feature%3Alandscape.man_made%7Cvisibility%3Aoff&style=feature%3Atransit.station%7Chue%3A0xffa200&center=36.8060722%2C-75.9896822&channel=seekers-search_map&size=200x200&format=jpg&scale=1&zoom=11&key=AIzaSyA_29QNQgZnWV-qXu1LyNzrLuiHCDGCJGU&signature=QKDwya3X7EzaDlKDWGeepZJwx2I=,36.8060722,-75.9896822
redfin,220 S Rosemont Rd,Virginia Beach,VA,23452,4.0,2.0,1350,,,2650,,,single family,,https://www.redfin.com/VA/Virginia-Beach/220-S-Rosemont-Rd-23452/home/49466550,"This fully renovated 4-bed, 2-bath ranch home has new waterproof laminate floors throughout main areas, carpeted bedrooms and a brand-new HVAC system for year-round comfort. The kitchen features...",2026-05-11T10:00:07.026680Z,2026-06-08T13:01:45+00:00,https://maps.google.com/maps/api/staticmap?sensor=false&style=feature%3Aadministrative.land_parcel%7Cvisibility%3Aoff&style=feature%3Alandscape.man_made%7Cvisibility%3Aoff&style=feature%3Atransit.station%7Chue%3A0xffa200&center=36.832828%2C-76.0949047&channel=seekers-search_map&size=200x200&format=jpg&scale=1&zoom=11&key=AIzaSyA_29QNQgZnWV-qXu1LyNzrLuiHCDGCJGU&signature=cP0expBmRsg1ALMm3O4g37Svua0=,36.832828,-76.0949047
redfin,212 Paladin Dr,Virginia Beach,VA,23452,3.0,2.0,1456,,,2800,,,single family,,https://www.redfin.com/VA/Virginia-Beach/212-Paladin-Dr-23452/home/49466631,"Welcome to Virginia Beach! This FURNISHED home offers the perfect combination of style and convenience. Located 12 minutes from the beach, you can enjoy outdoor activities such as fishing, jet skis...",2026-04-21T16:43:48.437612Z,2026-06-08T13:01:45+00:00,https://maps.google.com/maps/api/staticmap?sensor=false&style=feature%3Aadministrative.land_parcel%7Cvisibility%3Aoff&style=feature%3Alandscape.man_made%7Cvisibility%3Aoff&style=feature%3Atransit.station%7Chue%3A0xffa200&center=36.833393%2C-76.093174&channel=seekers-search_map&size=200x200&format=jpg&scale=1&zoom=11&key=AIzaSyA_29QNQgZnWV-qXu1LyNzrLuiHCDGCJGU&signature=v1dgZiWJf46BUQJLw35OdLosm3U=,36.833393,-76.093174
redfin,412 Lineberry Rd,Virginia Beach,VA,23452,4.0,2.5,1014,,,2600,,,single family,,https://www.redfin.com/VA/Virginia-Beach/412-Lineberry-Rd-23452/home/49462935,"Charming 4BR Ranch in Prime Virginia Beach LocationDiscover this charming ranch-style home offering 4 bedrooms and 2.5 bathrooms in the heart of Virginia Beach. With over 1,300 square feet of...",2026-05-30T13:15:29.584358Z,2026-06-08T13:01:45+00:00,https://maps.google.com/maps/api/staticmap?sensor=false&style=feature%3Aadministrative.land_parcel%7Cvisibility%3Aoff&style=feature%3Alandscape.man_made%7Cvisibility%3Aoff&style=feature%3Atransit.station%7Chue%3A0xffa200&center=36.826915%2C-76.0854928&channel=seekers-search_map&size=200x200&format=jpg&scale=1&zoom=11&key=AIzaSyA_29QNQgZnWV-qXu1LyNzrLuiHCDGCJGU&signature=KBJ7jyIUuZlY5mtGLlkHgjt_4Hc=,36.826915,-76.0854928
redfin,3841 Forrester Ln,Virginia Beach,VA,23452,3.0,2.0,1522,,,2300,,,single family,,https://www.redfin.com/VA/Virginia-Beach/3841-Forrester-Ln-23452/home/49457907,"Ranch home, 3 bedrooms, 2 full baths, Living room, family room, dining room, eat in kitchen, laundry room with clothes washer & dryer, 1 car garage, fenced in Yard. No Pets, $2300 per month",2026-05-26T21:00:22.395187Z,2026-06-08T13:01:45+00:00,https://maps.google.com/maps/api/staticmap?sensor=false&style=feature%3Aadministrative.land_parcel%7Cvisibility%3Aoff&style=feature%3Alandscape.man_made%7Cvisibility%3Aoff&style=feature%3Atransit.station%7Chue%3A0xffa200&center=36.8171701%2C-76.1063023&channel=seekers-search_map&size=200x200&format=jpg&scale=1&zoom=11&key=AIzaSyA_29QNQgZnWV-qXu1LyNzrLuiHCDGCJGU&signature=LuyqpUOkQCA7g4ynV6Inv-uZpi8=,36.8171701,-76.1063023
redfin,104 S Palm Ave,Virginia Beach,VA,23452,3.0,2.5,1700,,,2900,,,single family,,https://www.redfin.com/VA/Virginia-Beach/104-S-Palm-Ave-23452/home/176523337,"Welcome home to this beautifully upgraded 3-bedroom, 2.5-bath home with a 1-car garage, tucked away on a quiet dead-end street for added privacy and minimal traffic. Inside, you'll find luxury vinyl...",2026-06-04T12:30:57.404113Z,2026-06-08T13:01:45+00:00,https://maps.google.com/maps/api/staticmap?sensor=false&style=feature%3Aadministrative.land_parcel%7Cvisibility%3Aoff&style=feature%3Alandscape.man_made%7Cvisibility%3Aoff&style=feature%3Atransit.station%7Chue%3A0xffa200&center=36.8395584%2C-76.1228608&channel=seekers-search_map&size=200x200&format=jpg&scale=1&zoom=11&key=AIzaSyA_29QNQgZnWV-qXu1LyNzrLuiHCDGCJGU&signature=3CGbFP_TLsveoi_Bxps973yhcAI=,36.8395584,-76.1228608
redfin,512 S Kings Point Rd,Virginia Beach,VA,23452,3.0,2.0,1172,,,2650,,,single family,,https://www.redfin.com/VA/Virginia-Beach/512-S-Kings-Point-Rd-23452/home/49458649,"512 S Kings Point Rd, Virginia Beach, VA 23452 Welcome to this spacious and well-maintained 4-bedroom, 2-bath home in central Virginia Beach, ideally located just minutes from shopping, dining,...",2026-06-01T12:03:13.402385Z,2026-06-08T13:01:45+00:00,https://maps.google.com/maps/api/staticmap?sensor=false&style=feature%3Aadministrative.land_parcel%7Cvisibility%3Aoff&style=feature%3Alandscape.man_made%7Cvisibility%3Aoff&style=feature%3Atransit.station%7Chue%3A0xffa200&center=36.8244215%2C-76.1041315&channel=seekers-search_map&size=200x200&format=jpg&scale=1&zoom=11&key=AIzaSyA_29QNQgZnWV-qXu1LyNzrLuiHCDGCJGU&signature=SRTA46tj8ziM8md8X5nWHQ8dH5k=,36.8244215,-76.1041315
redfin,3480 Landstown Ct,Virginia Beach,VA,23453,3.0,2.0,1359,,,2495,,,single family,,https://www.redfin.com/VA/Virginia-Beach/3480-Landstown-Ct-23453/home/49453877,This beautiful 3 Bedroom/2 Bath single family home is available August 2026.  This home offers fantastic cul-de-sac living across from Landstown Commons. Blocks from Sentara Princess Anne hospital...,2026-06-06T00:43:31.205123Z,2026-06-08T13:01:47+00:00,https://maps.google.com/maps/api/staticmap?sensor=false&style=feature%3Aadministrative.land_parcel%7Cvisibility%3Aoff&style=feature%3Alandscape.man_made%7Cvisibility%3Aoff&style=feature%3Atransit.station%7Chue%3A0xffa200&center=36.7792974%2C-76.0906328&channel=seekers-search_map&size=200x200&format=jpg&scale=1&zoom=11&key=AIzaSyA_29QNQgZnWV-qXu1LyNzrLuiHCDGCJGU&signature=G6sBkFeSsqbe8gpGqQL8AVUvL0I=,36.7792974,-76.0906328
redfin,3432 Pasture Ln,Virginia Beach,VA,23453,4.0,2.5,2140,,,2700,,,single family,,https://www.redfin.com/VA/Virginia-Beach/3432-Pasture-Ln-23453/home/49476913,"Occupied - must give at least 24 hours' notice for showings. Beautiful well kept home near interstate, military bases, concert venues, shopping and fine dining. 10 minutes from beach.Applications...",2026-05-25T12:55:04.693449Z,2026-06-08T13:01:47+00:00,https://maps.google.com/maps/api/staticmap?sensor=false&style=feature%3Aadministrative.land_parcel%7Cvisibility%3Aoff&style=feature%3Alandscape.man_made%7Cvisibility%3Aoff&style=feature%3Atransit.station%7Chue%3A0xffa200&center=36.7947333%2C-76.084783&channel=seekers-search_map&size=200x200&format=jpg&scale=1&zoom=11&key=AIzaSyA_29QNQgZnWV-qXu1LyNzrLuiHCDGCJGU&signature=FK0Q4Y2JTk7p71LZk4b7X0lAREM=,36.7947333,-76.084783
redfin,1617 Ohio Ave Unit 1617,Virginia Beach,VA,23454,3.0,2.0,,,,2500,,,single family,,https://www.redfin.com/VA/Virginia-Beach/1617-Ohio-Ave-23454/unit-1617/home/200750916,"Located in the heart of Virginia Beach, this well-positioned rental property offers the perfect blend of comfort, convenience, and coastal lifestyle. Nestled in a desirable neighborhood just minutes...",2026-03-04T22:01:55.230987Z,2026-06-08T13:01:49+00:00,https://maps.google.com/maps/api/staticmap?sensor=false&style=feature%3Aadministrative.land_parcel%7Cvisibility%3Aoff&style=feature%3Alandscape.man_made%7Cvisibility%3Aoff&style=feature%3Atransit.station%7Chue%3A0xffa200&center=36.8407035%2C-76.0182005&channel=seekers-search_map&size=200x200&format=jpg&scale=1&zoom=11&key=AIzaSyA_29QNQgZnWV-qXu1LyNzrLuiHCDGCJGU&signature=Zv44JiSDSbwUrjYZRp8i-LMlu-0=,36.8407035,-76.0182005
redfin,1312 Yawl Pt,Virginia Beach,VA,23454,5.0,2.5,2016,,,2995,,,single family,,https://www.redfin.com/VA/Virginia-Beach/1312-Yawl-Pt-23454/home/49487783,"Spacious (5) bedroom, 2.5 bath single family home on a cul-de-sac in the Cox High School district. Living room, dining room, den with wood burning fireplace, 1 car garage & large backyard with patio....",2026-06-03T13:05:49.475296Z,2026-06-08T13:01:49+00:00,https://maps.google.com/maps/api/staticmap?sensor=false&style=feature%3Aadministrative.land_parcel%7Cvisibility%3Aoff&style=feature%3Alandscape.man_made%7Cvisibility%3Aoff&style=feature%3Atransit.station%7Chue%3A0xffa200&center=36.8737683%2C-76.0494043&channel=seekers-search_map&size=200x200&format=jpg&scale=1&zoom=11&key=AIzaSyA_29QNQgZnWV-qXu1LyNzrLuiHCDGCJGU&signature=qTNHKaFy9869cj7SJNPQoThDD0g=,36.8737683,-76.0494043
redfin,2220 N Lakeside Dr,Virginia Beach,VA,23454,3.0,1.0,1126,,,3300,,,single family,,https://www.redfin.com/VA/Virginia-Beach/2220-N-Lakeside-Dr-23454/home/49501056,"THIS IS A FUNISHED RENTAL FOR NO MORE THAN 2 TENANTS, CORPORATE, EXTENDED TRAINING, TRAVEL NURSE OR INSURANCE CLAIM DISPLACEMENT. LEASE WILL BE AT LEAST 45 DAYS. UTILITIES INCLUDEDED. LOCATED ON...",2026-04-21T18:22:41.464584Z,2026-06-08T13:01:49+00:00,https://maps.google.com/maps/api/staticmap?sensor=false&style=feature%3Aadministrative.land_parcel%7Cvisibility%3Aoff&style=feature%3Alandscape.man_made%7Cvisibility%3Aoff&style=feature%3Atransit.station%7Chue%3A0xffa200&center=36.8766396%2C-76.0427334&channel=seekers-search_map&size=200x200&format=jpg&scale=1&zoom=11&key=AIzaSyA_29QNQgZnWV-qXu1LyNzrLuiHCDGCJGU&signature=HX6lpSOrworFNZen5Pp3ITxI6Pc=,36.8766396,-76.0427334
redfin,2252 Newstead Dr,Virginia Beach,VA,23454,4.0,2.0,2127,,,3000,,,single family,,https://www.redfin.com/VA/Virginia-Beach/2252-Newstead-Dr-23454/home/49505974,,2026-05-22T12:34:00.294688Z,2026-06-08T13:01:49+00:00,https://maps.google.com/maps/api/staticmap?sensor=false&style=feature%3Aadministrative.land_parcel%7Cvisibility%3Aoff&style=feature%3Alandscape.man_made%7Cvisibility%3Aoff&style=feature%3Atransit.station%7Chue%3A0xffa200&center=36.7639534%2C-76.0097818&channel=seekers-search_map&size=200x200&format=jpg&scale=1&zoom=11&key=AIzaSyA_29QNQgZnWV-qXu1LyNzrLuiHCDGCJGU&signature=TrL6TG5waBWHROdy_GYRG3SEKu8=,36.7639534,-76.0097818
redfin,1880 Rising Sun Arch,Virginia Beach,VA,23454,4.0,2.0,1805,,,2800,,,single family,,https://www.redfin.com/VA/Virginia-Beach/1880-Rising-Sun-Arch-23454/home/49507453,"Beautiful home full of natural light and open space. Conveniently located with access to local military installations, shopping, and dining. Application fee = $55 per person (18 & older). Apply...",2026-06-02T09:23:19.766885Z,2026-06-08T13:01:49+00:00,https://maps.google.com/maps/api/staticmap?sensor=false&style=feature%3Aadministrative.land_parcel%7Cvisibility%3Aoff&style=feature%3Alandscape.man_made%7Cvisibility%3Aoff&style=feature%3Atransit.station%7Chue%3A0xffa200&center=36.7568378%2C-75.9975533&channel=seekers-search_map&size=200x200&format=jpg&scale=1&zoom=11&key=AIzaSyA_29QNQgZnWV-qXu1LyNzrLuiHCDGCJGU&signature=KWiF15jAHyqhn_pC4USEMO_zvWE=,36.7568378,-75.9975533
redfin,1221 Garth Ct,Virginia Beach,VA,23454,3.0,2.5,1614,,,2600,,,single family,,https://www.redfin.com/VA/Virginia-Beach/1221-Garth-Ct-23454/home/49510451,"Discover your perfect rental in Ocean Lakes! This beautifully renovated two-story home features a modern kitchen with new cabinets and granite countertops, updated flooring, fresh paint, and much...",2026-06-08T00:27:26.161397Z,2026-06-08T13:01:49+00:00,https://maps.google.com/maps/api/staticmap?sensor=false&style=feature%3Aadministrative.land_parcel%7Cvisibility%3Aoff&style=feature%3Alandscape.man_made%7Cvisibility%3Aoff&style=feature%3Atransit.station%7Chue%3A0xffa200&center=36.7745526%2C-75.9992621&channel=seekers-search_map&size=200x200&format=jpg&scale=1&zoom=11&key=AIzaSyA_29QNQgZnWV-qXu1LyNzrLuiHCDGCJGU&signature=olDdB0Qv-hkBZj12Vic0lmOmvv0=,36.7745526,-75.9992621
redfin,1828 Blairmore Arch,Virginia Beach,VA,23454,3.0,2.0,1300,,,3000,,,single family,,https://www.redfin.com/VA/Virginia-Beach/1828-Blairmore-Arch-23454/home/49511153,"Beautifully updated ranch in Ocean Lakes showing true pride of ownership throughout! This well maintained home features a brand-new kitchen with granite countertops, new cabinets, updated sink, & new...",2026-06-01T12:25:34.960081Z,2026-06-08T13:01:49+00:00,https://maps.google.com/maps/api/staticmap?sensor=false&style=feature%3Aadministrative.land_parcel%7Cvisibility%3Aoff&style=feature%3Alandscape.man_made%7Cvisibility%3Aoff&style=feature%3Atransit.station%7Chue%3A0xffa200&center=36.7739746%2C-75.9955457&channel=seekers-search_map&size=200x200&format=jpg&scale=1&zoom=11&key=AIzaSyA_29QNQgZnWV-qXu1LyNzrLuiHCDGCJGU&signature=1_Z77KNLIcvoiaYA1Qpo-o6VvS0=,36.7739746,-75.9955457
redfin,316 Roselynn Ln,Virginia Beach,VA,23454,4.0,2.5,1664,,,2400,,,single family,,https://www.redfin.com/VA/Virginia-Beach/316-Roselynn-Ln-23454/home/49512737,"Scheule Tour Here: Apply Here: Enjoy this 4-bedroom, 2.5-bath home featuring hardwood floors, a spacious first-floor primary suite, and dual-zone HVAC for added comfort. The upgraded kitchen and...",2026-06-03T11:30:22.269842Z,2026-06-08T13:01:49+00:00,https://maps.google.com/maps/api/staticmap?sensor=false&style=feature%3Aadministrative.land_parcel%7Cvisibility%3Aoff&style=feature%3Alandscape.man_made%7Cvisibility%3Aoff&style=feature%3Atransit.station%7Chue%3A0xffa200&center=36.8436954%2C-76.0138693&channel=seekers-search_map&size=200x200&format=jpg&scale=1&zoom=11&key=AIzaSyA_29QNQgZnWV-qXu1LyNzrLuiHCDGCJGU&signature=iJmymc3eifUn1BTN2HbndJhiGq4=,36.8436954,-76.0138693
redfin,1733 Bernstein Dr,Virginia Beach,VA,23454,4.0,2.5,1775,,,2795,,,single family,,https://www.redfin.com/VA/Virginia-Beach/1733-Bernstein-Dr-23454/home/49511482,"Situated at the end of a cul-de-sac, this well-tended Ocean Lakes home comes with attached garage, a fenced yard with deck and storage shed, and a darling front porch! Available for you on 06-25-26!...",2026-05-09T12:26:09.597449Z,2026-06-08T13:01:49+00:00,https://maps.google.com/maps/api/staticmap?sensor=false&style=feature%3Aadministrative.land_parcel%7Cvisibility%3Aoff&style=feature%3Alandscape.man_made%7Cvisibility%3Aoff&style=feature%3Atransit.station%7Chue%3A0xffa200&center=36.7761585%2C-75.9867174&channel=seekers-search_map&size=200x200&format=jpg&scale=1&zoom=11&key=AIzaSyA_29QNQgZnWV-qXu1LyNzrLuiHCDGCJGU&signature=xiQLEXy61iMBOP3ILHapZYF_b0U=,36.7761585,-75.9867174
redfin,1149 Balch Pl,Virginia Beach,VA,23454,3.0,2.5,1450,,,2495,,,single family,,https://www.redfin.com/VA/Virginia-Beach/1149-Balch-Pl-23454/home/49509866,3BD/2.5BA Home minutes from Dam Neck! Full fenced Back yard!!- Updated Kitchen with Granite Countertops -Stainless Steel & Black Appliances- Eat In Kitchen and Dining Room- Painted with attractive...,2026-06-03T12:42:29.953925Z,2026-06-08T13:01:49+00:00,https://maps.google.com/maps/api/staticmap?sensor=false&style=feature%3Aadministrative.land_parcel%7Cvisibility%3Aoff&style=feature%3Alandscape.man_made%7Cvisibility%3Aoff&style=feature%3Atransit.station%7Chue%3A0xffa200&center=36.7834245%2C-76.0027647&channel=seekers-search_map&size=200x200&format=jpg&scale=1&zoom=11&key=AIzaSyA_29QNQgZnWV-qXu1LyNzrLuiHCDGCJGU&signature=KA1Gsoy6FLbV9B2ZtebgvEXJHio=,36.7834245,-76.0027647
redfin,1000 Spindle Xing,Virginia Beach,VA,23455,4.0,2.5,2044,,,3200,,,single family,,https://www.redfin.com/VA/Virginia-Beach/1000-Spindle-Xing-23455/home/49415918,"FOR RENT: 1000 Spindle Xing, Virginia Beach, VA 23455
Modern Comfort Energy Efficient Backyard Oasis

Welcome home to this beautifully maintained property in the heart of Virginia Beach! This home...",2026-06-07T16:16:01.090789Z,2026-06-08T13:01:51+00:00,https://maps.google.com/maps/api/staticmap?sensor=false&style=feature%3Aadministrative.land_parcel%7Cvisibility%3Aoff&style=feature%3Alandscape.man_made%7Cvisibility%3Aoff&style=feature%3Atransit.station%7Chue%3A0xffa200&center=36.8787603%2C-76.1808715&channel=seekers-search_map&size=200x200&format=jpg&scale=1&zoom=11&key=AIzaSyA_29QNQgZnWV-qXu1LyNzrLuiHCDGCJGU&signature=yKto_YEAl-IYVz7VEMYohBim2Pc=,36.8787603,-76.1808715
redfin,1080 Backwoods Rd,Virginia Beach,VA,23455,4.0,2.5,2545,,,3150,,,single family,,https://www.redfin.com/VA/Virginia-Beach/1080-Backwoods-Rd-23455/home/49418738,"Spacious 4-Bedroom Home with Golf Course Views and Move-In Ready! Enjoy comfort, space, and scenic views in this beautifully updated 4-bedroom home with a bonus room, perfectly situated overlooking...",2026-06-08T12:33:45.135270Z,2026-06-08T13:01:51+00:00,https://maps.google.com/maps/api/staticmap?sensor=false&style=feature%3Aadministrative.land_parcel%7Cvisibility%3Aoff&style=feature%3Alandscape.man_made%7Cvisibility%3Aoff&style=feature%3Atransit.station%7Chue%3A0xffa200&center=36.8734277%2C-76.1633568&channel=seekers-search_map&size=200x200&format=jpg&scale=1&zoom=11&key=AIzaSyA_29QNQgZnWV-qXu1LyNzrLuiHCDGCJGU&signature=xo3Uy8ZnUIZw0A6MkM8Wl0dJ8CE=,36.8734277,-76.1633568
redfin,4345 Temple Ct,Virginia Beach,VA,23455,4.0,2.0,2218,,,2795,,,single family,,https://www.redfin.com/VA/Virginia-Beach/4345-Temple-Ct-23455/home/49443847,TONS of Space in this large 4BR home in the Heart of Pembroke - Natural paint throughout - All new updated doorknobs and switches/outlets - Available August 1st! - Rear Den with Tons of natural light...,2026-06-02T12:20:51.172382Z,2026-06-08T13:01:51+00:00,https://maps.google.com/maps/api/staticmap?sensor=false&style=feature%3Aadministrative.land_parcel%7Cvisibility%3Aoff&style=feature%3Alandscape.man_made%7Cvisibility%3Aoff&style=feature%3Atransit.station%7Chue%3A0xffa200&center=36.8654872%2C-76.1233199&channel=seekers-search_map&size=200x200&format=jpg&scale=1&zoom=11&key=AIzaSyA_29QNQgZnWV-qXu1LyNzrLuiHCDGCJGU&signature=7lHm_LnzBWp4TMdq2sp3dPKRlsg=,36.8654872,-76.1233199
redfin,4524 Delco Rd,Virginia Beach,VA,23455,3.0,2.0,1400,,,2600,,,single family,,https://www.redfin.com/VA/Virginia-Beach/4524-Delco-Rd-23455/home/49446720,"Well established Shore Drive neighborhood. Just blocks to Bayville Park, rec center and Chicks Beach. Total renovation with everything new. Beautiful new LVP flooring. Newer appliances including...",2026-06-06T13:19:16.114847Z,2026-06-08T13:01:51+00:00,https://maps.google.com/maps/api/staticmap?sensor=false&style=feature%3Aadministrative.land_parcel%7Cvisibility%3Aoff&style=feature%3Alandscape.man_made%7Cvisibility%3Aoff&style=feature%3Atransit.station%7Chue%3A0xffa200&center=36.9004784%2C-76.1274468&channel=seekers-search_map&size=200x200&format=jpg&scale=1&zoom=11&key=AIzaSyA_29QNQgZnWV-qXu1LyNzrLuiHCDGCJGU&signature=ZnH4fARO0s3c9lG29cXsyFYzmjo=,36.9004784,-76.1274468
redfin,3845 Whitley Park Dr,Virginia Beach,VA,23456,4.0,2.5,2324,,,3000,,,single family,,https://www.redfin.com/VA/Virginia-Beach/3845-Whitley-Park-Dr-23456/home/49448405,"""Charming 4-bedroom home in the highly sought-after Salem area of Virginia Beach, within the top-rated school district. This beautiful home features solar panels, saving an average of $70/month on...",2026-04-21T15:47:22.669907Z,2026-06-08T13:01:53+00:00,https://maps.google.com/maps/api/staticmap?sensor=false&style=feature%3Aadministrative.land_parcel%7Cvisibility%3Aoff&style=feature%3Alandscape.man_made%7Cvisibility%3Aoff&style=feature%3Atransit.station%7Chue%3A0xffa200&center=36.7666992%2C-76.1141592&channel=seekers-search_map&size=200x200&format=jpg&scale=1&zoom=11&key=AIzaSyA_29QNQgZnWV-qXu1LyNzrLuiHCDGCJGU&signature=YNEznFm4nqg_naspYDHvFt3Trfg=,36.7666992,-76.1141592
redfin,4559 Revere Dr,Virginia Beach,VA,23456,5.0,2.5,2653,,,3100,,,single family,,https://www.redfin.com/VA/Virginia-Beach/4559-Revere-Dr-23456/home/49428024,"Spacious waterfront home in Virginia Beach offering 5 bedrooms and 2.5 bathrooms. The primary bedroom includes an en suite, and the layout features a second living space for flexible use. The kitchen...",2026-06-06T12:20:17.427625Z,2026-06-08T13:01:53+00:00,https://maps.google.com/maps/api/staticmap?sensor=false&style=feature%3Aadministrative.land_parcel%7Cvisibility%3Aoff&style=feature%3Alandscape.man_made%7Cvisibility%3Aoff&style=feature%3Atransit.station%7Chue%3A0xffa200&center=36.7949343%2C-76.1411522&channel=seekers-search_map&size=200x200&format=jpg&scale=1&zoom=11&key=AIzaSyA_29QNQgZnWV-qXu1LyNzrLuiHCDGCJGU&signature=fBvv1NLr7dNoP_uWmgFVaNld90A=,36.7949343,-76.1411522
redfin,4220 Derby Wharf Dr,Virginia Beach,VA,23456,3.0,2.0,1503,,,2395,,,single family,,https://www.redfin.com/VA/Virginia-Beach/4220-Derby-Wharf-Dr-23456/home/49428783,3 bedroom 2 bath ranch located on serene tree-lined street in sought after Salem Woods! Living room with barn door closure can be used as 4th bedroom. Formal dining area. Kitchen complete with all...,2026-05-28T12:34:36.936375Z,2026-06-08T13:01:53+00:00,https://maps.google.com/maps/api/staticmap?sensor=false&style=feature%3Aadministrative.land_parcel%7Cvisibility%3Aoff&style=feature%3Alandscape.man_made%7Cvisibility%3Aoff&style=feature%3Atransit.station%7Chue%3A0xffa200&center=36.7938748%2C-76.1334456&channel=seekers-search_map&size=200x200&format=jpg&scale=1&zoom=11&key=AIzaSyA_29QNQgZnWV-qXu1LyNzrLuiHCDGCJGU&signature=AIdYTHq6f3aMsKZLXXmSrKAKPVo=,36.7938748,-76.1334456
redfin,3016 Beaden Dr,Virginia Beach,VA,23456,4.0,2.5,2350,,,3150,,,single family,,https://www.redfin.com/VA/Virginia-Beach/3016-Beaden-Dr-23456/home/49474542,"FULLY RENOVATED home in the Kellam school district! It isn't often that a 4 bedroom home in the exclusive Virginia Beach neighborhood of Courthouse Estates is available for rent, but today is your...",2026-06-07T12:26:23.293312Z,2026-06-08T13:01:53+00:00,https://maps.google.com/maps/api/staticmap?sensor=false&style=feature%3Aadministrative.land_parcel%7Cvisibility%3Aoff&style=feature%3Alandscape.man_made%7Cvisibility%3Aoff&style=feature%3Atransit.station%7Chue%3A0xffa200&center=36.7333949%2C-76.0748642&channel=seekers-search_map&size=200x200&format=jpg&scale=1&zoom=11&key=AIzaSyA_29QNQgZnWV-qXu1LyNzrLuiHCDGCJGU&signature=wfo3kNX1N55sxag9xSY6mvlZa18=,36.7333949,-76.0748642
redfin,2009 Inverrary Ct,Virginia Beach,VA,23456,3.0,2.5,1500,,,2440,,,single family,,https://www.redfin.com/VA/Virginia-Beach/2009-Inverrary-Ct-23456/home/49448521,"SCHEDULE A SHOWING ONLINE AT: showmojo.com/lrt/89f1e36043 ---- 2009 Inverrary Court, Virginia Beach - $2440 (RBP included) Schedule your showing today! Features: [?]3 bedroom [?]2.5 bathroom...",2026-06-07T12:19:36.634721Z,2026-06-08T13:01:53+00:00,https://maps.google.com/maps/api/staticmap?sensor=false&style=feature%3Aadministrative.land_parcel%7Cvisibility%3Aoff&style=feature%3Alandscape.man_made%7Cvisibility%3Aoff&style=feature%3Atransit.station%7Chue%3A0xffa200&center=36.7730276%2C-76.116252&channel=seekers-search_map&size=200x200&format=jpg&scale=1&zoom=11&key=AIzaSyA_29QNQgZnWV-qXu1LyNzrLuiHCDGCJGU&signature=25-Lvj0VB1yAP2PeJuiZUC437VA=,36.7730276,-76.116252
redfin,3829 Shooting Star Dr,Virginia Beach,VA,23456,4.0,1.5,1296,,,2950,,,single family,,https://www.redfin.com/VA/Virginia-Beach/3829-Shooting-Star-Dr-23456/home/49449589,"ONE LEVEL LIVING! Spacious four-bedroom with HUGE fenced-in yard! Modern amenities to include an open concept living area with an upgraded kitchen with stainless steel appliances, granite counters,...",2026-06-08T00:34:17.937239Z,2026-06-08T13:01:53+00:00,https://maps.google.com/maps/api/staticmap?sensor=false&style=feature%3Aadministrative.land_parcel%7Cvisibility%3Aoff&style=feature%3Alandscape.man_made%7Cvisibility%3Aoff&style=feature%3Atransit.station%7Chue%3A0xffa200&center=36.7853049%2C-76.1142805&channel=seekers-search_map&size=200x200&format=jpg&scale=1&zoom=11&key=AIzaSyA_29QNQgZnWV-qXu1LyNzrLuiHCDGCJGU&signature=QlvLHQj4B2IEj-_MyDYyAmqTL_U=,36.7853049,-76.1142805
redfin,1792 Moonstone Dr,Virginia Beach,VA,23456,3.0,2.5,1756,,,2950,,,single family,,https://www.redfin.com/VA/Virginia-Beach/1792-Moonstone-Dr-23456/home/49450046,"AVAILABLE IMMEDIATELY! Beautiful home in highly sought out Rock Creek neighborhood in a cul-de-sac! This 3 bed 2.5 bath home features cathedral ceilings in living, dining room and master bedroom for...",2026-06-03T12:06:36.102533Z,2026-06-08T13:01:53+00:00,https://maps.google.com/maps/api/staticmap?sensor=false&style=feature%3Aadministrative.land_parcel%7Cvisibility%3Aoff&style=feature%3Alandscape.man_made%7Cvisibility%3Aoff&style=feature%3Atransit.station%7Chue%3A0xffa200&center=36.7788903%2C-76.1133758&channel=seekers-search_map&size=200x200&format=jpg&scale=1&zoom=11&key=AIzaSyA_29QNQgZnWV-qXu1LyNzrLuiHCDGCJGU&signature=CZ1TIRQub_dA1yYaOqMrUcozVb4=,36.7788903,-76.1133758
redfin,2453 Hunts Neck Trl,Virginia Beach,VA,23456,3.0,2.0,1706,,,2500,,,single family,,https://www.redfin.com/VA/Virginia-Beach/2453-Hunts-Neck-Trl-23456/home/49496653,"Welcome to this charming and character-filled 3-bedroom, 2-bathroom home nestled in the desirable Hunt Club Forest neighborhood! Offering approximately 1,706 square feet of comfortable living space,...",2026-06-06T02:34:09.159562Z,2026-06-08T13:01:53+00:00,https://maps.google.com/maps/api/staticmap?sensor=false&style=feature%3Aadministrative.land_parcel%7Cvisibility%3Aoff&style=feature%3Alandscape.man_made%7Cvisibility%3Aoff&style=feature%3Atransit.station%7Chue%3A0xffa200&center=36.7658484%2C-76.0216179&channel=seekers-search_map&size=200x200&format=jpg&scale=1&zoom=11&key=AIzaSyA_29QNQgZnWV-qXu1LyNzrLuiHCDGCJGU&signature=SkR88Aza373O_pum4ULOw9oNZbQ=,36.7658484,-76.0216179
redfin,2245 Speckled Rock Ln,Virginia Beach,VA,23456,4.0,3.0,1762,,,2900,,,single family,,https://www.redfin.com/VA/Virginia-Beach/2245-Speckled-Rock-Ln-23456/home/49450124,Room galore! Bright and welcoming great room with cathedral ceiling and gleaming white ceramic flooring. Large dining area with French doors leading to side paver patio. 2 bedrooms downstairs with...,2026-06-06T12:43:46.204452Z,2026-06-08T13:01:53+00:00,https://maps.google.com/maps/api/staticmap?sensor=false&style=feature%3Aadministrative.land_parcel%7Cvisibility%3Aoff&style=feature%3Alandscape.man_made%7Cvisibility%3Aoff&style=feature%3Atransit.station%7Chue%3A0xffa200&center=36.7781425%2C-76.1107373&channel=seekers-search_map&size=200x200&format=jpg&scale=1&zoom=11&key=AIzaSyA_29QNQgZnWV-qXu1LyNzrLuiHCDGCJGU&signature=ShI0hXhw23RpJycHBmArB7AnFGQ=,36.7781425,-76.1107373
redfin,3813 Sterncroft Dr,Virginia Beach,VA,23456,4.0,2.5,2124,,,2789,,,single family,,https://www.redfin.com/VA/Virginia-Beach/3813-Sterncroft-Dr-23456/home/49423283,"Must see 4 bed, 2.5 bath single family home in the Glenwood neighborhood of Virginia Beach. Quick and easy access to major highways, convenient commute to Norfolk and the Virginia Beach oceanfront....",2026-06-04T11:54:46.483442Z,2026-06-08T13:01:53+00:00,https://maps.google.com/maps/api/staticmap?sensor=false&style=feature%3Aadministrative.land_parcel%7Cvisibility%3Aoff&style=feature%3Alandscape.man_made%7Cvisibility%3Aoff&style=feature%3Atransit.station%7Chue%3A0xffa200&center=36.7689558%2C-76.1404114&channel=seekers-search_map&size=200x200&format=jpg&scale=1&zoom=11&key=AIzaSyA_29QNQgZnWV-qXu1LyNzrLuiHCDGCJGU&signature=sOBST9yI-wcjQYD-tKbbpeWMiEU=,36.7689558,-76.1404114
redfin,1785 River Rock Arch,Virginia Beach,VA,23456,3.0,2.0,1438,,,2350,,,single family,,https://www.redfin.com/VA/Virginia-Beach/1785-River-Rock-Arch-23456/home/49451089,"Welcome home to this charming 3-bedroom, 2-bath ranch in the desirable Rock Creek community of Virginia Beach. This well-maintained home offers over 1400 square feet of comfortable living space with...",2026-06-08T00:32:18.203494Z,2026-06-08T13:01:53+00:00,https://maps.google.com/maps/api/staticmap?sensor=false&style=feature%3Aadministrative.land_parcel%7Cvisibility%3Aoff&style=feature%3Alandscape.man_made%7Cvisibility%3Aoff&style=feature%3Atransit.station%7Chue%3A0xffa200&center=36.7840424%2C-76.1076105&channel=seekers-search_map&size=200x200&format=jpg&scale=1&zoom=11&key=AIzaSyA_29QNQgZnWV-qXu1LyNzrLuiHCDGCJGU&signature=3UJncQpZ32Loyupc0NJeyCdcaI4=,36.7840424,-76.1076105
redfin,1965 Mill Creek Dr,Virginia Beach,VA,23456,4.0,2.5,,,,2795,,,single family,,https://www.redfin.com/VA/Virginia-Beach/1965-Mill-Creek-Dr-23456/home/49530146,"This spacious four-bedroom, three-bathroom home in Virginia Beach offers 1,948 square feet of functional living space. The property features a welcoming two-story exterior with an attached garage and...",2026-06-06T12:39:19.170762Z,2026-06-08T13:01:53+00:00,https://maps.google.com/maps/api/staticmap?sensor=false&style=feature%3Aadministrative.land_parcel%7Cvisibility%3Aoff&style=feature%3Alandscape.man_made%7Cvisibility%3Aoff&style=feature%3Atransit.station%7Chue%3A0xffa200&center=36.7757078%2C-76.1202291&channel=seekers-search_map&size=200x200&format=jpg&scale=1&zoom=11&key=AIzaSyA_29QNQgZnWV-qXu1LyNzrLuiHCDGCJGU&signature=d1CnRYZGHxpV16Ch0uoP2UHI8jY=,36.7757078,-76.1202291
redfin,2361 Seaboard Rd,Virginia Beach,VA,23456,3.0,2.0,1400,,,2495,,,single family,,https://www.redfin.com/VA/Virginia-Beach/2361-Seaboard-Rd-23456/home/49495489,"Welcome home to this charming brick ranch located in one of Virginia Beach's most desirable areas! Conveniently situated near shopping, dining, military bases, and major roadways, this home offers...",2026-06-07T12:06:01.333295Z,2026-06-08T13:01:53+00:00,https://maps.google.com/maps/api/staticmap?sensor=false&style=feature%3Aadministrative.land_parcel%7Cvisibility%3Aoff&style=feature%3Alandscape.man_made%7Cvisibility%3Aoff&style=feature%3Atransit.station%7Chue%3A0xffa200&center=36.7563766%2C-76.0340449&channel=seekers-search_map&size=200x200&format=jpg&scale=1&zoom=11&key=AIzaSyA_29QNQgZnWV-qXu1LyNzrLuiHCDGCJGU&signature=3so7cInm2gWwTd1wgWl8atpC_8M=,36.7563766,-76.0340449
redfin,2250 Princess Anne Rd,Virginia Beach,VA,23456,3.0,1.5,1680,,,2300,,,single family,,https://www.redfin.com/VA/Virginia-Beach/2250-Princess-Anne-Rd-23456/home/49495686,"Brick Rancher 3 bedrooms 1.5 bath all hardwood floors except kitchen & Florida room new LVP all appliances including refrigerator, washer and dryer. living room has wood burning Fireplace. one acre...",2026-06-05T13:09:26.309279Z,2026-06-08T13:01:53+00:00,https://maps.google.com/maps/api/staticmap?sensor=false&style=feature%3Aadministrative.land_parcel%7Cvisibility%3Aoff&style=feature%3Alandscape.man_made%7Cvisibility%3Aoff&style=feature%3Atransit.station%7Chue%3A0xffa200&center=36.7572346%2C-76.0250751&channel=seekers-search_map&size=200x200&format=jpg&scale=1&zoom=11&key=AIzaSyA_29QNQgZnWV-qXu1LyNzrLuiHCDGCJGU&signature=VH3Zb8fSSJ0xNz1aLF9M3fqo2wc=,36.7572346,-76.0250751
redfin,2021 Melstone Dr,Virginia Beach,VA,23456,4.0,3.0,2400,,,3050,,,single family,,https://www.redfin.com/VA/Virginia-Beach/2021-Melstone-Dr-23456/home/49495972,"Spacious 4-Bed, 3-Bath Home in Virginia Beach!Nestled in a quiet Virginia Beach neighborhood, this beautiful 4-bedroom, 3-bath home is perfect for you. Inside, you'll find a large FROG (Finished Room...",2026-05-14T00:30:51.975555Z,2026-06-08T13:01:53+00:00,https://maps.google.com/maps/api/staticmap?sensor=false&style=feature%3Aadministrative.land_parcel%7Cvisibility%3Aoff&style=feature%3Alandscape.man_made%7Cvisibility%3Aoff&style=feature%3Atransit.station%7Chue%3A0xffa200&center=36.7670639%2C-76.029174&channel=seekers-search_map&size=200x200&format=jpg&scale=1&zoom=11&key=AIzaSyA_29QNQgZnWV-qXu1LyNzrLuiHCDGCJGU&signature=AhXSpSqCdqJ2O840p0G8QzYN4s0=,36.7670639,-76.029174
redfin,3849 Sunstream Pkwy,Virginia Beach,VA,23456,3.0,1.5,1760,,,2600,,,single family,,https://www.redfin.com/VA/Virginia-Beach/3849-Sunstream-Pkwy-23456/home/49450606,"Amazing 3-bedroom, 1.5-bathroom Virginia Beach home offering the perfect blend of convenience and modern comfort! Ideally situated down the street from Landstown and Town Center, this property...",2026-05-31T12:10:10.215130Z,2026-06-08T13:01:53+00:00,https://maps.google.com/maps/api/staticmap?sensor=false&style=feature%3Aadministrative.land_parcel%7Cvisibility%3Aoff&style=feature%3Alandscape.man_made%7Cvisibility%3Aoff&style=feature%3Atransit.station%7Chue%3A0xffa200&center=36.7848944%2C-76.1116829&channel=seekers-search_map&size=200x200&format=jpg&scale=1&zoom=11&key=AIzaSyA_29QNQgZnWV-qXu1LyNzrLuiHCDGCJGU&signature=j-B2OdN398O9fl9cGilPB5PPpQE=,36.7848944,-76.1116829
redfin,4244 Spruce Knob Rd,Virginia Beach,VA,23456,3.0,3.0,1710,,,2700,,,single family,,https://www.redfin.com/VA/Virginia-Beach/4244-Spruce-Knob-Rd-23456/home/49423675,"Freshly painted, clean, and ready to decorate! Second floor bonus room spacious and can be used for a bedroom, office, or game room.  Bright kitchen abundant with cabinets!  Large, fenced back yard. ...",2026-06-08T00:27:40.123980Z,2026-06-08T13:01:53+00:00,https://maps.google.com/maps/api/staticmap?sensor=false&style=feature%3Aadministrative.land_parcel%7Cvisibility%3Aoff&style=feature%3Alandscape.man_made%7Cvisibility%3Aoff&style=feature%3Atransit.station%7Chue%3A0xffa200&center=36.7714739%2C-76.1332567&channel=seekers-search_map&size=200x200&format=jpg&scale=1&zoom=11&key=AIzaSyA_29QNQgZnWV-qXu1LyNzrLuiHCDGCJGU&signature=_Q8eUe-KVacvfrLTMBRkuc1Y6Hw=,36.7714739,-76.1332567
redfin,3805 Winners Cir,Virginia Beach,VA,23456,4.0,2.5,2800,,,3300,,,single family,,https://www.redfin.com/VA/Virginia-Beach/3805-Winners-Cir-23456/home/49423986,"Beautiful 4-bedroom, 2.5 bathroom home located in the desirable Stumpy Lake area of Virginia Beach. Spanning 2,800 square feet, this spacious property features an open layout with ample living space....",2026-06-04T11:29:05.425986Z,2026-06-08T13:01:53+00:00,https://maps.google.com/maps/api/staticmap?sensor=false&style=feature%3Aadministrative.land_parcel%7Cvisibility%3Aoff&style=feature%3Alandscape.man_made%7Cvisibility%3Aoff&style=feature%3Atransit.station%7Chue%3A0xffa200&center=36.7497058%2C-76.1281106&channel=seekers-search_map&size=200x200&format=jpg&scale=1&zoom=11&key=AIzaSyA_29QNQgZnWV-qXu1LyNzrLuiHCDGCJGU&signature=ZjzghbbIA4rbu-dtBs8VQ0xosLE=,36.7497058,-76.1281106
redfin,5313 Sir Barton Dr,Virginia Beach,VA,23462,3.0,2.0,1556,,,2750,,,single family,,https://www.redfin.com/VA/Virginia-Beach/5313-Sir-Barton-Dr-23462/home/49407941,"Recently updated charming 3 Bed 2 bath single family home for rent in Kempsville. A short walk from grocery stores and multiple excellent restaraunts and quick drive to Town Center, Kempsville...",2026-04-21T20:32:55.222420Z,2026-06-08T13:02:03+00:00,https://maps.google.com/maps/api/staticmap?sensor=false&style=feature%3Aadministrative.land_parcel%7Cvisibility%3Aoff&style=feature%3Alandscape.man_made%7Cvisibility%3Aoff&style=feature%3Atransit.station%7Chue%3A0xffa200&center=36.8283495%2C-76.1703139&channel=seekers-search_map&size=200x200&format=jpg&scale=1&zoom=11&key=AIzaSyA_29QNQgZnWV-qXu1LyNzrLuiHCDGCJGU&signature=01MNbq-SoFOJeuNLwiPofaTZJ_Q=,36.8283495,-76.1703139
redfin,113 S Parliament Dr,Virginia Beach,VA,23462,3.0,2.0,1770,,,2600,,,single family,,https://www.redfin.com/VA/Virginia-Beach/113-S-Parliament-Dr-23462/home/49412708,"Beautiful newly updated and renovated home in a quiet safe neighborhood. Open floor plan with new tile in the kitchen, den and bathrooms with heated bathroom floors. There is a large custom built...",2026-04-21T20:45:17.078620Z,2026-06-08T13:02:03+00:00,https://maps.google.com/maps/api/staticmap?sensor=false&style=feature%3Aadministrative.land_parcel%7Cvisibility%3Aoff&style=feature%3Alandscape.man_made%7Cvisibility%3Aoff&style=feature%3Atransit.station%7Chue%3A0xffa200&center=36.8392378%2C-76.1668811&channel=seekers-search_map&size=200x200&format=jpg&scale=1&zoom=11&key=AIzaSyA_29QNQgZnWV-qXu1LyNzrLuiHCDGCJGU&signature=6NXdaTBPItFm32BZomhhegePJ8U=,36.8392378,-76.1668811
redfin,5416 Sweetwater Ct,Virginia Beach,VA,23462,4.0,2.5,1704,,,2495,,,single family,,https://www.redfin.com/VA/Virginia-Beach/5416-Sweetwater-Ct-23462/home/49418421,"Spacious 4-bedroom, 2.5-bath lakefront home in a central location just minutes from the beach, Town Center, military bases, shopping, and entertainment. Enjoy peaceful water views with the...",2026-05-15T12:30:09.654005Z,2026-06-08T13:02:03+00:00,https://maps.google.com/maps/api/staticmap?sensor=false&style=feature%3Aadministrative.land_parcel%7Cvisibility%3Aoff&style=feature%3Alandscape.man_made%7Cvisibility%3Aoff&style=feature%3Atransit.station%7Chue%3A0xffa200&center=36.8582245%2C-76.1618171&channel=seekers-search_map&size=200x200&format=jpg&scale=1&zoom=11&key=AIzaSyA_29QNQgZnWV-qXu1LyNzrLuiHCDGCJGU&signature=f3uEHlnONZLa4zUu59POQtfpR2g=,36.8582245,-76.1618171
redfin,5485 Glenville Cir,Virginia Beach,VA,23464,3.0,2.5,1588,,,2500,,,single family,,https://www.redfin.com/VA/Virginia-Beach/5485-Glenville-Cir-23464/home/49408502,"Brand new flooring, carpets, exterior and interior painted.
$2500 rents + $2500 security deposit. No pets.",2026-04-21T20:33:24.906693Z,2026-06-08T13:02:05+00:00,https://maps.google.com/maps/api/staticmap?sensor=false&style=feature%3Aadministrative.land_parcel%7Cvisibility%3Aoff&style=feature%3Alandscape.man_made%7Cvisibility%3Aoff&style=feature%3Atransit.station%7Chue%3A0xffa200&center=36.8092434%2C-76.1684027&channel=seekers-search_map&size=200x200&format=jpg&scale=1&zoom=11&key=AIzaSyA_29QNQgZnWV-qXu1LyNzrLuiHCDGCJGU&signature=pWnpnAwE-3ui3KYmR2Dl0anrG54=,36.8092434,-76.1684027
redfin,1810 Delaney St,Virginia Beach,VA,23464,4.0,2.5,1783,,,2650,,,single family,,https://www.redfin.com/VA/Virginia-Beach/1810-Delaney-St-23464/home/49392569,"Charming 4-bedroom, 2.5-bath home recently renovated with the addition of a 4th bedroom. Kitchen has stainless appliances Features an open floor plan on the first floor with two spacious living...",2026-06-06T12:30:51.143465Z,2026-06-08T13:02:05+00:00,https://maps.google.com/maps/api/staticmap?sensor=false&style=feature%3Aadministrative.land_parcel%7Cvisibility%3Aoff&style=feature%3Alandscape.man_made%7Cvisibility%3Aoff&style=feature%3Atransit.station%7Chue%3A0xffa200&center=36.7884786%2C-76.1920066&channel=seekers-search_map&size=200x200&format=jpg&scale=1&zoom=11&key=AIzaSyA_29QNQgZnWV-qXu1LyNzrLuiHCDGCJGU&signature=w8DGRJWyaNvwjAsz7uVBj_C3gS0=,36.7884786,-76.1920066
redfin,1568 Dylan Dr,Virginia Beach,VA,23464,4.0,3.0,1880,,,2450,,,single family,,https://www.redfin.com/VA/Virginia-Beach/1568-Dylan-Dr-23464/home/49399853,"Discover this charming 4-bedroom, 3-bathroom residence boasting dual primary suites and a loft, nestled in the vibrant Kempsville area. The delightful fenced backyard, complete with a stamped...",2026-06-06T11:39:28.957432Z,2026-06-08T13:02:05+00:00,https://maps.google.com/maps/api/staticmap?sensor=false&style=feature%3Aadministrative.land_parcel%7Cvisibility%3Aoff&style=feature%3Alandscape.man_made%7Cvisibility%3Aoff&style=feature%3Atransit.station%7Chue%3A0xffa200&center=36.7922885%2C-76.1815124&channel=seekers-search_map&size=200x200&format=jpg&scale=1&zoom=11&key=AIzaSyA_29QNQgZnWV-qXu1LyNzrLuiHCDGCJGU&signature=ORQbF8XznPjAGZgiteP-Do421zs=,36.7922885,-76.1815124
redfin,1556 Beachview Dr,Virginia Beach,VA,23464,3.0,2.5,2208,,,2900,,,single family,,https://www.redfin.com/VA/Virginia-Beach/1556-Beachview-Dr-23464/home/49400146,"Welcome to this beautifully updated home in the desirable Lake Christopher community! This freshly painted property offers a bright and inviting atmosphere, complemented by brand-new flooring...",2026-05-17T12:21:09.324683Z,2026-06-08T13:02:05+00:00,https://maps.google.com/maps/api/staticmap?sensor=false&style=feature%3Aadministrative.land_parcel%7Cvisibility%3Aoff&style=feature%3Alandscape.man_made%7Cvisibility%3Aoff&style=feature%3Atransit.station%7Chue%3A0xffa200&center=36.7893059%2C-76.1781109&channel=seekers-search_map&size=200x200&format=jpg&scale=1&zoom=11&key=AIzaSyA_29QNQgZnWV-qXu1LyNzrLuiHCDGCJGU&signature=xm1hkaIiYpyu_wnTKpTwyGMiRRA=,36.7893059,-76.1781109
redfin,1548 Beachview Dr,Virginia Beach,VA,23464,4.0,2.0,1800,,,2800,,,single family,,https://www.redfin.com/VA/Virginia-Beach/1548-Beachview-Dr-23464/home/49400156,"Sought after Lake Christopher! 1st Floor Master Suite, huge great room, Dining Room, Kitchen with stainless Steel appliances, granite counters, spacious bedrooms, large garage with built in shelf,...",2026-06-08T00:32:23.252539Z,2026-06-08T13:02:05+00:00,https://maps.google.com/maps/api/staticmap?sensor=false&style=feature%3Aadministrative.land_parcel%7Cvisibility%3Aoff&style=feature%3Alandscape.man_made%7Cvisibility%3Aoff&style=feature%3Atransit.station%7Chue%3A0xffa200&center=36.7890223%2C-76.1777502&channel=seekers-search_map&size=200x200&format=jpg&scale=1&zoom=11&key=AIzaSyA_29QNQgZnWV-qXu1LyNzrLuiHCDGCJGU&signature=pXESBGyusr4HHZQG-heg_aR5Fo0=,36.7890223,-76.1777502
redfin,1532 Drumheller Dr,Virginia Beach,VA,23464,4.0,2.5,2350,,,3195,,,single family,,https://www.redfin.com/VA/Virginia-Beach/1532-Drumheller-Dr-23464/home/49534465,"A 4-Bedroom home in popular Indian Pointe at Rose Glen available 07-10-26!! A fine home indeed, nestled at the end of a quiet cul-de-sac backing to a pond with a darling tranquil fountain. With a...",2026-06-06T12:20:14.905930Z,2026-06-08T13:02:05+00:00,https://maps.google.com/maps/api/staticmap?sensor=false&style=feature%3Aadministrative.land_parcel%7Cvisibility%3Aoff&style=feature%3Alandscape.man_made%7Cvisibility%3Aoff&style=feature%3Atransit.station%7Chue%3A0xffa200&center=36.7733427%2C-76.152388&channel=seekers-search_map&size=200x200&format=jpg&scale=1&zoom=11&key=AIzaSyA_29QNQgZnWV-qXu1LyNzrLuiHCDGCJGU&signature=uLAsEqexdMyzs9DP0JnnL0JlXR0=,36.7733427,-76.152388
redfin,5181 Eagle Run Rd,Virginia Beach,VA,23464,5.0,2.5,2500,,,3300,,,single family,,https://www.redfin.com/VA/Virginia-Beach/5181-Eagle-Run-Rd-23464/home/49401808,"Owner is looking for a tenant to impeccably take care of their beautiful, FIVE bedroom home, with loads of versatile living space! Huge kitchen with tons of storage options, double ovens, two-car...",2026-05-15T12:37:09.589527Z,2026-06-08T13:02:05+00:00,https://maps.google.com/maps/api/staticmap?sensor=false&style=feature%3Aadministrative.land_parcel%7Cvisibility%3Aoff&style=feature%3Alandscape.man_made%7Cvisibility%3Aoff&style=feature%3Atransit.station%7Chue%3A0xffa200&center=36.7875281%2C-76.1693228&channel=seekers-search_map&size=200x200&format=jpg&scale=1&zoom=11&key=AIzaSyA_29QNQgZnWV-qXu1LyNzrLuiHCDGCJGU&signature=wRyG4pcRmL8spIxKCusCp6tp09o=,36.7875281,-76.1693228
redfin,5125 Middlebrook Ct,Virginia Beach,VA,23464,4.0,2.5,2395,,,3195,,,single family,,https://www.redfin.com/VA/Virginia-Beach/5125-Middlebrook-Ct-23464/home/49402342,"New rental alert: this4-bedroom,2.5-bath house brings comfort, space, and an easygoing vibe to everyday living. Bright interiors offer plenty of room to spread out, whether you need cozy corners to...",2026-06-07T12:33:31.634467Z,2026-06-08T13:02:05+00:00,https://maps.google.com/maps/api/staticmap?sensor=false&style=feature%3Aadministrative.land_parcel%7Cvisibility%3Aoff&style=feature%3Alandscape.man_made%7Cvisibility%3Aoff&style=feature%3Atransit.station%7Chue%3A0xffa200&center=36.7858284%2C-76.1615565&channel=seekers-search_map&size=200x200&format=jpg&scale=1&zoom=11&key=AIzaSyA_29QNQgZnWV-qXu1LyNzrLuiHCDGCJGU&signature=hJHfjAiUGBUhPL1660S-J5dVlIE=,36.7858284,-76.1615565
redfin,1321 Drexel Cir,Virginia Beach,VA,23464,4.0,2.0,1845,,,2800,,,single family,,https://www.redfin.com/VA/Virginia-Beach/1321-Drexel-Cir-23464/home/49392332,"Spacious updated ranch in desirable Framingham neighborhood. This home has a large backyard and a screened in back porch. Itis close to interstate, shopping and neighborhood parks. There is a...",2026-06-05T12:43:55.733009Z,2026-06-08T13:02:05+00:00,https://maps.google.com/maps/api/staticmap?sensor=false&style=feature%3Aadministrative.land_parcel%7Cvisibility%3Aoff&style=feature%3Alandscape.man_made%7Cvisibility%3Aoff&style=feature%3Atransit.station%7Chue%3A0xffa200&center=36.7960513%2C-76.2109888&channel=seekers-search_map&size=200x200&format=jpg&scale=1&zoom=11&key=AIzaSyA_29QNQgZnWV-qXu1LyNzrLuiHCDGCJGU&signature=p7YD-K1TC9hkgyPRQQJ0hzhYGjs=,36.7960513,-76.2109888
redfin,5425 Hargrove Blvd,Virginia Beach,VA,23464,6.0,3.5,3357,,,3300,,,single family,,https://www.redfin.com/VA/Virginia-Beach/5425-Hargrove-Blvd-23464/home/49406110,This home has all the things you could ever want! Six large bedrooms! Four of the bedrooms have a bathroom connected! the downstairs has an amazing kitchen with so much storage space and a full...,2026-05-31T12:32:52.921857Z,2026-06-08T13:02:05+00:00,https://maps.google.com/maps/api/staticmap?sensor=false&style=feature%3Aadministrative.land_parcel%7Cvisibility%3Aoff&style=feature%3Alandscape.man_made%7Cvisibility%3Aoff&style=feature%3Atransit.station%7Chue%3A0xffa200&center=36.8194864%2C-76.1792678&channel=seekers-search_map&size=200x200&format=jpg&scale=1&zoom=11&key=AIzaSyA_29QNQgZnWV-qXu1LyNzrLuiHCDGCJGU&signature=Tx4benPXl39WvN8dP8E-db9O4l4=,36.8194864,-76.1792678
redfin,917 Timber Creek Pl,Virginia Beach,VA,23464,4.0,2.5,2044,,,2799,,,single family,,https://www.redfin.com/VA/Virginia-Beach/917-Timber-Creek-Pl-23464/home/49408680,"For Rent - 917 Timber Creek Place Virginia Beach, VA Fantastic home for rent located in Stratford Chase!! ** Spacious 4-bedroom, 2.5-bath home located in the heart of Virginia Beach. ** This home...",2026-06-06T12:03:59.036826Z,2026-06-08T13:02:05+00:00,https://maps.google.com/maps/api/staticmap?sensor=false&style=feature%3Aadministrative.land_parcel%7Cvisibility%3Aoff&style=feature%3Alandscape.man_made%7Cvisibility%3Aoff&style=feature%3Atransit.station%7Chue%3A0xffa200&center=36.8109336%2C-76.1638106&channel=seekers-search_map&size=200x200&format=jpg&scale=1&zoom=11&key=AIzaSyA_29QNQgZnWV-qXu1LyNzrLuiHCDGCJGU&signature=MPg-dEdseDzDqPss8Hb_YFa3CyQ=,36.8109336,-76.1638106
redfin,1328 Fernside Ct,Virginia Beach,VA,23464,4.0,2.5,2088,,,2700,,,single family,,https://www.redfin.com/VA/Virginia-Beach/1328-Fernside-Ct-23464/home/49426272,"Great single family home w/ partial new paint and large kitchen w/ island stove and fan. 4 bed and 2 bath, carpet upstairs w/ LVP downstairs. Brand new backyard privacy fence and cul-de-sacfor a more...",2026-06-05T12:53:01.821439Z,2026-06-08T13:02:05+00:00,https://maps.google.com/maps/api/staticmap?sensor=false&style=feature%3Aadministrative.land_parcel%7Cvisibility%3Aoff&style=feature%3Alandscape.man_made%7Cvisibility%3Aoff&style=feature%3Atransit.station%7Chue%3A0xffa200&center=36.7951173%2C-76.1490262&channel=seekers-search_map&size=200x200&format=jpg&scale=1&zoom=11&key=AIzaSyA_29QNQgZnWV-qXu1LyNzrLuiHCDGCJGU&signature=LAqg9q39CMnaTVTf0y0BrQTLFYo=,36.7951173,-76.1490262
redfin,1149 Birks Ln,Virginia Beach,VA,23464,4.0,2.5,2560,,,3275,,,single family,,https://www.redfin.com/VA/Virginia-Beach/1149-Birks-Ln-23464/home/49429541,"Beautifully maintained and polished 4-bedroom, 2.5-bath home in the Bellamy Woods neighborhood. This home features rich wood floors, a gourmet kitchen, and a comfortable open floor plan with crisp...",2026-05-29T12:08:07.624760Z,2026-06-08T13:02:05+00:00,https://maps.google.com/maps/api/staticmap?sensor=false&style=feature%3Aadministrative.land_parcel%7Cvisibility%3Aoff&style=feature%3Alandscape.man_made%7Cvisibility%3Aoff&style=feature%3Atransit.station%7Chue%3A0xffa200&center=36.8002982%2C-76.1339371&channel=seekers-search_map&size=200x200&format=jpg&scale=1&zoom=11&key=AIzaSyA_29QNQgZnWV-qXu1LyNzrLuiHCDGCJGU&signature=_qvIf2W-OYSaXBqWicf4BuBkSS8=,36.8002982,-76.1339371
redfin,820 Timberlake Dr,Virginia Beach,VA,23464,3.0,2.0,1812,,,2495,,,single family,,https://www.redfin.com/VA/Virginia-Beach/820-Timberlake-Dr-23464/home/49433539,"Rooms are spacious. Covered, screened back porch. 2-car garage. Interior painting and new flooring. Easy drive to Independence Blvd and Towne Center business district. Security deposit must be in...",2026-06-05T12:55:27.612098Z,2026-06-08T13:02:05+00:00,https://maps.google.com/maps/api/staticmap?sensor=false&style=feature%3Aadministrative.land_parcel%7Cvisibility%3Aoff&style=feature%3Alandscape.man_made%7Cvisibility%3Aoff&style=feature%3Atransit.station%7Chue%3A0xffa200&center=36.8097934%2C-76.1411997&channel=seekers-search_map&size=200x200&format=jpg&scale=1&zoom=11&key=AIzaSyA_29QNQgZnWV-qXu1LyNzrLuiHCDGCJGU&signature=KY_daHwx6D0x-9E4L99z8ONp2ME=,36.8097934,-76.1411997
